Workbook
Name datatable: Table1[#All]
Name TABLE: Table1[[#Headers],[STUDENT ID]]

Sheet Database
A1: STUDENT ID | B1: NAME | C1: DEPT | D1: MATHS | E1: ENGLISH | F1: PHY | G1: BIO | H1: CHE | I1: AGRIC | J1: GEO | K1: TOTAL | L1: AVARAGE | M1: POSITION
A2: IKT34 | B2: Adeola Musa | C2: Computer Science | D2: 78 | E2: 65 | F2: 44 | G2: 74 | H2: 69 | I2: 55 | J2: 60 | K2: =SUM(Table1[[#This Row],[MATHS]:[GEO]]) -> 445 | L2: =AVERAGE(Table1[[#This Row],[MATHS]:[GEO]]) -> 63.571429
A3: IKT02 | B3: Tunde Balogun | C3: Accounting | D3: 55 | E3: 60 | F3: 48 | G3: 52 | H3: 72 | I3: 67 | J3: 58 | K3: =SUM(Table1[[#This Row],[MATHS]:[GEO]]) -> 412 | L3: =AVERAGE(Table1[[#This Row],[MATHS]:[GEO]]) -> 58.857143
A4: IKT89 | B4: Chioma Okeke | C4: Biology | D4: 85 | E4: 79 | F4: 74 | G4: 88 | H4: 81 | I4: 70 | J4: 72 | K4: =SUM(Table1[[#This Row],[MATHS]:[GEO]]) -> 549 | L4: =AVERAGE(Table1[[#This Row],[MATHS]:[GEO]]) -> 78.428571
A5: IKT11 | B5: Ibrahim Bello | C5: Engineering | D5: 90 | E5: 76 | F5: 88 | G5: 55 | H5: 84 | I5: 73 | J5: 75 | K5: =SUM(Table1[[#This Row],[MATHS]:[GEO]]) -> 541 | L5: =AVERAGE(Table1[[#This Row],[MATHS]:[GEO]]) -> 77.285714
A6: IKT53 | B6: Ngozi Eze | C6: Economics | D6: 62 | E6: 70 | F6: 58 | G6: 60 | H6: 64 | I6: 66 | J6: 59 | K6: =SUM(Table1[[#This Row],[MATHS]:[GEO]]) -> 439 | L6: =AVERAGE(Table1[[#This Row],[MATHS]:[GEO]]) -> 62.714286
A7: IKT27 | B7: Samuel Adeyemi | C7: Geography | D7: 71 | E7: 68 | F7: 72 | G7: 65 | H7: 60 | I7: 75 | J7: 44 | K7: =SUM(Table1[[#This Row],[MATHS]:[GEO]]) -> 455 | L7: =AVERAGE(Table1[[#This Row],[MATHS]:[GEO]]) -> 65
A8: IKT75 | B8: Ruth Akinwale | C8: Microbiology | D8: 44 | E8: 74 | F8: 78 | G8: 82 | H8: 77 | I8: 69 | J8: 70 | K8: =SUM(Table1[[#This Row],[MATHS]:[GEO]]) -> 494 | L8: =AVERAGE(Table1[[#This Row],[MATHS]:[GEO]]) -> 70.571429
A9: IKT20 | B9: Emeka Obi | C9: Physics | D9: 44 | E9: 66 | F9: 91 | G9: 73 | H9: 85 | I9: 60 | J9: 64 | K9: =SUM(Table1[[#This Row],[MATHS]:[GEO]]) -> 483 | L9: =AVERAGE(Table1[[#This Row],[MATHS]:[GEO]]) -> 69
A10: IKT61 | B10: Zainab Sadiq | C10: Chemistry | D10: 73 | E10: 70 | F10: 75 | G10: 68 | H10: 80 | I10: 65 | J10: 69 | K10: =SUM(Table1[[#This Row],[MATHS]:[GEO]]) -> 500 | L10: =AVERAGE(Table1[[#This Row],[MATHS]:[GEO]]) -> 71.428571
A11: IKT08 | B11: David Ojo | C11: Engineering | D11: 44 | E11: 77 | F11: 55 | G11: 79 | H11: 81 | I11: 72 | J11: 74 | K11: =SUM(Table1[[#This Row],[MATHS]:[GEO]]) -> 482 | L11: =AVERAGE(Table1[[#This Row],[MATHS]:[GEO]]) -> 68.857143
A12: IKT44 | B12: Grace Nwosu | C12: Biology | D12: 56 | E12: 72 | F12: 65 | G12: 70 | H12: 68 | I12: 64 | J12: 66 | K12: =SUM(Table1[[#This Row],[MATHS]:[GEO]]) -> 461 | L12: =AVERAGE(Table1[[#This Row],[MATHS]:[GEO]]) -> 65.857143
A13: IKT92 | B13: Kingsley Uche | C13: Computer Science | D13: 75 | E13: 71 | F13: 66 | G13: 74 | H13: 72 | I13: 69 | J13: 70 | K13: =SUM(Table1[[#This Row],[MATHS]:[GEO]]) -> 497 | L13: =AVERAGE(Table1[[#This Row],[MATHS]:[GEO]]) -> 71 | N13: 80 | O13: Excellent | P13: A
A14: IKT36 | B14: Amina Bello | C14: Agriculture | D14: 66 | E14: 68 | F14: 62 | G14: 64 | H14: 65 | I14: 78 | J14: 72 | K14: =SUM(Table1[[#This Row],[MATHS]:[GEO]]) -> 475 | L14: =AVERAGE(Table1[[#This Row],[MATHS]:[GEO]]) -> 67.857143 | N14: 65 | O14: V.Good | P14: B
A15: IKT14 | B15: Peter Okon | C15: Geology | D15: 55 | E15: 73 | F15: 76 | G15: 68 | H15: 74 | I15: 60 | J15: 82 | K15: =SUM(Table1[[#This Row],[MATHS]:[GEO]]) -> 488 | L15: =AVERAGE(Table1[[#This Row],[MATHS]:[GEO]]) -> 69.714286 | N15: 55 | O15: Good | P15: C
A16: IKT71 | B16: Blessing Eze | C16: Accounting | D16: 72 | E16: 65 | F16: 60 | G16: 58 | H16: 69 | I16: 70 | J16: 44 | K16: =SUM(Table1[[#This Row],[MATHS]:[GEO]]) -> 438 | L16: =AVERAGE(Table1[[#This Row],[MATHS]:[GEO]]) -> 62.571429 | N16: 45 | O16: Pass | P16: D
A17: IKT16 | B17: Kolade Lawal | C17: Economics | D17: 68 | E17: 72 | F17: 70 | G17: 66 | H17: 71 | I17: 63 | J17: 60 | K17: =SUM(Table1[[#This Row],[MATHS]:[GEO]]) -> 470 | L17: =AVERAGE(Table1[[#This Row],[MATHS]:[GEO]]) -> 67.142857 | N17: 35 | O17: Fail | P17: F
A18: IKT50 | B18: Halima Musa | C18: Agriculture | D18: 64 | E18: 66 | F18: 55 | G18: 65 | H18: 68 | I18: 74 | J18: 70 | K18: =SUM(Table1[[#This Row],[MATHS]:[GEO]]) -> 462 | L18: =AVERAGE(Table1[[#This Row],[MATHS]:[GEO]]) -> 66
A19: IKT83 | B19: Victor James | C19: Physics | D19: 77 | E19: 55 | F19: 85 | G19: 70 | H19: 80 | I19: 66 | J19: 68 | K19: =SUM(Table1[[#This Row],[MATHS]:[GEO]]) -> 501 | L19: =AVERAGE(Table1[[#This Row],[MATHS]:[GEO]]) -> 71.571429
A20: IKT05 | B20: Joy Olatunji | C20: Microbiology | D20: 73 | E20: 75 | F20: 70 | G20: 76 | H20: 72 | I20: 65 | J20: 67 | K20: =SUM(Table1[[#This Row],[MATHS]:[GEO]]) -> 498 | L20: =AVERAGE(Table1[[#This Row],[MATHS]:[GEO]]) -> 71.142857
A21: IKT99 | B21: Sani Abdullahi | C21: Engineering | D21: 55 | E21: 78 | F21: 25 | G21: 82 | H21: 22 | I21: 80 | J21: 79 | K21: =SUM(Table1[[#This Row],[MATHS]:[GEO]]) -> 421 | L21: =AVERAGE(Table1[[#This Row],[MATHS]:[GEO]]) -> 60.142857
A22: IKT21 | B22: Esther Okafor | C22: Biology | D22: 74 | E22: 76 | F22: 72 | G22: 78 | H22: 75 | I22: 68 | J22: 70 | K22: =SUM(Table1[[#This Row],[MATHS]:[GEO]]) -> 513 | L22: =AVERAGE(Table1[[#This Row],[MATHS]:[GEO]]) -> 73.285714
A23: IKT64 | B23: Adewale Yusuf | C23: Geography | D23: 69 | E23: 70 | F23: 68 | G23: 66 | H23: 72 | I23: 74 | J23: 81 | K23: =SUM(Table1[[#This Row],[MATHS]:[GEO]]) -> 500 | L23: =AVERAGE(Table1[[#This Row],[MATHS]:[GEO]]) -> 71.428571
A24: IKT03 | B24: Chinedu Nnamdi | C24: Computer Science | D24: 82 | E24: 79 | F24: 84 | G24: 80 | H24: 78 | I24: 72 | J24: 73 | K24: =SUM(Table1[[#This Row],[MATHS]:[GEO]]) -> 548 | L24: =AVERAGE(Table1[[#This Row],[MATHS]:[GEO]]) -> 78.285714
A25: IKT57 | B25: Maryam Aliyu | C25: Chemistry | D25: 70 | E25: 74 | F25: 68 | G25: 55 | H25: 75 | I25: 77 | J25: 69 | K25: =SUM(Table1[[#This Row],[MATHS]:[GEO]]) -> 488 | L25: =AVERAGE(Table1[[#This Row],[MATHS]:[GEO]]) -> 69.714286
A26: IKT41 | B26: Paul Johnson | C26: Engineering | D26: 55 | E26: 80 | F26: 90 | G26: 78 | H26: 84 | I26: 76 | J26: 75 | K26: =SUM(Table1[[#This Row],[MATHS]:[GEO]]) -> 538 | L26: =AVERAGE(Table1[[#This Row],[MATHS]:[GEO]]) -> 76.857143
A27: IKT12 | B27: Lilian Obi | C27: Accounting | D27: 65 | E27: 70 | F27: 60 | G27: 62 | H27: 68 | I27: 55 | J27: 64 | K27: =SUM(Table1[[#This Row],[MATHS]:[GEO]]) -> 444 | L27: =AVERAGE(Table1[[#This Row],[MATHS]:[GEO]]) -> 63.428571
A28: IKT68 | B28: Usman Garba | C28: Agriculture | D28: 44 | E28: 66 | F28: 70 | G28: 72 | H28: 44 | I28: 55 | J28: 74 | K28: =SUM(Table1[[#This Row],[MATHS]:[GEO]]) -> 425 | L28: =AVERAGE(Table1[[#This Row],[MATHS]:[GEO]]) -> 60.714286
A29: IKT25 | B29: Rachel Danjuma | C29: Biology | D29: 75 | E29: 78 | F29: 55 | G29: 44 | H29: 77 | I29: 70 | J29: 72 | K29: =SUM(Table1[[#This Row],[MATHS]:[GEO]]) -> 471 | L29: =AVERAGE(Table1[[#This Row],[MATHS]:[GEO]]) -> 67.285714
... A31: IKT01 | B31: Fatima Lawal | C31: Economics | D31: 72 | E31: 75 | F31: 70 | G31: 68 | H31: 73 | I31: 77 | J31: 69 | K31: =SUM(Table1[[#This Row],[MATHS]:[GEO]]) -> 504 | L31: =AVERAGE(Table1[[#This Row],[MATHS]:[GEO]]) -> 72

Sheet Report card
C3: SIR EKKAN PRIMARY SCHOOL
C4: After Event center, Murtala way Bauchi, Bauchi State- nigeria
C5: Report Card
C7: STUDENT ID | D7: : | E7: IKT61
C8: NAME | D8: : | E8: =VLOOKUP($E$7,datatable,MATCH(C8,Table1[#Headers],0),0) -> Zainab Sadiq
C9: DEPT | D9: : | E9: =VLOOKUP($E$7,datatable,MATCH(C9,Table1[#Headers],0),0) -> Chemistry
E11: SUBJECT | F11: Marks obtained | G11: Percentage | H11: Remark
E12: MATHS | F12: =VLOOKUP($E$7,datatable,MATCH(E12,Database!$A$1:$J$1,0),FALSE) -> 73 | G12: =F12/100 -> 0.73 | H12: {=_xlfn.XLOOKUP($F12,Database!$N$13:$N$17,Database!$O$13:$O$17,none,-1)} -> V.Good
E13: ENGLISH | F13: =VLOOKUP($E$7,datatable,MATCH(E13,Database!$A$1:$J$1,0),FALSE) -> 70 | G13: =F13/100 -> 0.7 | H13: {=_xlfn.XLOOKUP($F13,Database!$N$13:$N$17,Database!$O$13:$O$17,none,-1)} -> V.Good | J13: Grade Table
E14: PHY | F14: =VLOOKUP($E$7,datatable,MATCH(E14,Database!$A$1:$J$1,0),FALSE) -> 75 | G14: =F14/100 -> 0.75 | H14: {=_xlfn.XLOOKUP($F14,Database!$N$13:$N$17,Database!$O$13:$O$17,none,-1)} -> V.Good | J14: 80-100 | K14: Excellent
E15: BIO | F15: =VLOOKUP($E$7,datatable,MATCH(E15,Database!$A$1:$J$1,0),FALSE) -> 68 | G15: =F15/100 -> 0.68 | H15: {=_xlfn.XLOOKUP($F15,Database!$N$13:$N$17,Database!$O$13:$O$17,none,-1)} -> V.Good | J15: 65-79 | K15: V.Good
E16: CHE | F16: =VLOOKUP($E$7,datatable,MATCH(E16,Database!$A$1:$J$1,0),FALSE) -> 80 | G16: =F16/100 -> 0.8 | H16: {=_xlfn.XLOOKUP($F16,Database!$N$13:$N$17,Database!$O$13:$O$17,none,-1)} -> Excellent | J16: 55-64 | K16: Good
E17: AGRIC | F17: =VLOOKUP($E$7,datatable,MATCH(E17,Database!$A$1:$J$1,0),FALSE) -> 65 | G17: =F17/100 -> 0.65 | H17: {=_xlfn.XLOOKUP($F17,Database!$N$13:$N$17,Database!$O$13:$O$17,none,-1)} -> V.Good | J17: 45-54 | K17: Pass
E18: GEO | F18: =VLOOKUP($E$7,datatable,MATCH(E18,Database!$A$1:$J$1,0),FALSE) -> 69 | G18: =F18/100 -> 0.69 | H18: {=_xlfn.XLOOKUP($F18,Database!$N$13:$N$17,Database!$O$13:$O$17,none,-1)} -> V.Good | J18: 35-44 | K18: Fail
G20: Obtained Marks | H20: =AVERAGE(F12:F18) -> 71.428571
G21: percetage | H21: =H20/100 -> 0.71428571
E23: Final Result | F23: =IF(H21<50%,"Fail","Pass") -> Pass
E24: Final Remark | F24: {=_xlfn.XLOOKUP('Report card'!H20,Database!N13:N17,Database!O13:O17,none,-1)} -> V.Good
