Workbook
Name datatable: Table1[#All]
Name TABLE: Table1[[#Headers],[STUDENT ID]]

Sheet Database
A1: STUDENT ID | B1: NAME | C1: DEPT | D1: MATHS | E1: ENGLISH | F1: PHY | G1: BIO | H1: CHE | I1: AGRIC | J1: GEO
A2: IKT34 | B2: Adeola Musa | C2: Computer Science | D2: 78 | E2: 65 | F2: 44 | G2: 74 | H2: 69 | I2: 55 | J2: 60
A3: IKT02 | B3: Tunde Balogun | C3: Accounting | D3: 55 | E3: 60 | F3: 48 | G3: 52 | H3: 72 | I3: 67 | J3: 58
A4: IKT89 | B4: Chioma Okeke | C4: Biology | D4: 85 | E4: 79 | F4: 74 | G4: 88 | H4: 81 | I4: 70 | J4: 72
A5: IKT11 | B5: Ibrahim Bello | C5: Engineering | D5: 90 | E5: 76 | F5: 88 | G5: 55 | H5: 84 | I5: 73 | J5: 75
A6: IKT53 | B6: Ngozi Eze | C6: Economics | D6: 62 | E6: 70 | F6: 58 | G6: 60 | H6: 64 | I6: 66 | J6: 59
A7: IKT27 | B7: Samuel Adeyemi | C7: Geography | D7: 71 | E7: 68 | F7: 72 | G7: 65 | H7: 60 | I7: 75 | J7: 44 | L7: RAW FILE
A8: IKT75 | B8: Ruth Akinwale | C8: Microbiology | D8: 44 | E8: 74 | F8: 78 | G8: 82 | H8: 77 | I8: 69 | J8: 70
A9: IKT20 | B9: Emeka Obi | C9: Physics | D9: 44 | E9: 66 | F9: 91 | G9: 73 | H9: 85 | I9: 60 | J9: 64 | L9: SIR EKKAN WORK
A10: IKT61 | B10: Zainab Sadiq | C10: Chemistry | D10: 73 | E10: 70 | F10: 75 | G10: 68 | H10: 80 | I10: 65 | J10: 69
A11: IKT08 | B11: David Ojo | C11: Engineering | D11: 44 | E11: 77 | F11: 55 | G11: 79 | H11: 81 | I11: 72 | J11: 74
A12: IKT44 | B12: Grace Nwosu | C12: Biology | D12: 56 | E12: 72 | F12: 65 | G12: 70 | H12: 68 | I12: 64 | J12: 66
A13: IKT92 | B13: Kingsley Uche | C13: Computer Science | D13: 75 | E13: 71 | F13: 66 | G13: 74 | H13: 72 | I13: 69 | J13: 70
A14: IKT36 | B14: Amina Bello | C14: Agriculture | D14: 66 | E14: 68 | F14: 62 | G14: 64 | H14: 65 | I14: 78 | J14: 72
A15: IKT14 | B15: Peter Okon | C15: Geology | D15: 55 | E15: 73 | F15: 76 | G15: 68 | H15: 74 | I15: 60 | J15: 82
A16: IKT71 | B16: Blessing Eze | C16: Accounting | D16: 72 | E16: 65 | F16: 60 | G16: 58 | H16: 69 | I16: 70 | J16: 44
A17: IKT16 | B17: Kolade Lawal | C17: Economics | D17: 68 | E17: 72 | F17: 70 | G17: 66 | H17: 71 | I17: 63 | J17: 60
A18: IKT50 | B18: Halima Musa | C18: Agriculture | D18: 64 | E18: 66 | F18: 55 | G18: 65 | H18: 68 | I18: 74 | J18: 70
A19: IKT83 | B19: Victor James | C19: Physics | D19: 77 | E19: 55 | F19: 85 | G19: 70 | H19: 80 | I19: 66 | J19: 68
A20: IKT05 | B20: Joy Olatunji | C20: Microbiology | D20: 73 | E20: 75 | F20: 70 | G20: 76 | H20: 72 | I20: 65 | J20: 67
A21: IKT99 | B21: Sani Abdullahi | C21: Engineering | D21: 55 | E21: 78 | F21: 25 | G21: 82 | H21: 22 | I21: 80 | J21: 79
... A31: IKT01 | B31: Fatima Lawal | C31: Economics | D31: 72 | E31: 75 | F31: 70 | G31: 68 | H31: 73 | I31: 77 | J31: 69

Sheet Report card
C3: SIR EKKAN PRIMARY SCHOOL
C4: After Event center, Murtala way Bauchi, Bauchi State- nigeria
C5: Report Card
C7: STUDENT ID | D7: : | E7: IKT11
C8: NAME | D8: : | E8: =VLOOKUP($E$7,datatable,MATCH(C8,Table1[#Headers],0),0) -> Ibrahim Bello
C9: DEPT | D9: : | E9: =VLOOKUP($E$7,datatable,MATCH(C9,Table1[#Headers],0),0) -> Engineering
E11: SUBJECT | F11: Marks obtained | G11: Percentage | H11: Pass/Fail
E12: MATHS | F12: =VLOOKUP($E$7,datatable,MATCH(E12,Database!$A$1:$J$1,0),FALSE) -> 90 | G12: =F12/100 -> 0.9 | H12: =IF(F12<50,"Fail","Pass") -> Pass
E13: ENGLISH | F13: =VLOOKUP($E$7,datatable,MATCH(E13,Database!$A$1:$J$1,0),FALSE) -> 76 | G13: =F13/100 -> 0.76 | H13: =IF(F13<50,"Fail","Pass") -> Pass | J13: Grade Table
E14: PHY | F14: =VLOOKUP($E$7,datatable,MATCH(E14,Database!$A$1:$J$1,0),FALSE) -> 88 | G14: =F14/100 -> 0.88 | H14: =IF(F14<50,"Fail","Pass") -> Pass | J14: 0.4 | K14: F
E15: BIO | F15: =VLOOKUP($E$7,datatable,MATCH(E15,Database!$A$1:$J$1,0),FALSE) -> 55 | G15: =F15/100 -> 0.55 | H15: =IF(F15<50,"Fail","Pass") -> Pass | J15: 0.5 | K15: D
E16: CHE | F16: =VLOOKUP($E$7,datatable,MATCH(E16,Database!$A$1:$J$1,0),FALSE) -> 84 | G16: =F16/100 -> 0.84 | H16: =IF(F16<50,"Fail","Pass") -> Pass | J16: 0.6 | K16: C
E17: AGRIC | F17: =VLOOKUP($E$7,datatable,MATCH(E17,Database!$A$1:$J$1,0),FALSE) -> 73 | G17: =F17/100 -> 0.73 | H17: =IF(F17<50,"Fail","Pass") -> Pass | J17: 0.7 | K17: B
E18: GEO | F18: =VLOOKUP($E$7,datatable,MATCH(E18,Database!$A$1:$J$1,0),FALSE) -> 75 | G18: =F18/100 -> 0.75 | H18: =IF(F18<50,"Fail","Pass") -> Pass | J18: 0.8 | K18: A
G20: Obtained Marks | H20: =SUM(F12:F18) -> 541
G21: percetage | H21: =H20/700 -> 0.77285714
E23: Final Result | F23: =IF(H21<50%,"Fail","Pass") -> Pass
E24: Grade | F24: =VLOOKUP(H21,J14:K18,2,TRUE) -> B
